SOC [%],Voltage [V],Frequency [Hz],Re(Ztot) [Ohm],-Im(Ztot) [Ohm]
100,1.6075504,100003.71,0.1005744,-0.19002619
100,1.6075481,79433.273,0.098954648,-0.14723705
100,1.6075486,63093.824,0.098852605,-0.11214607
100,1.6075516,50122.477,0.097760856,-0.085453145
100,1.6075488,39814.059,0.10139442,-0.061911184
100,1.6075482,31621.139,0.10328414,-0.042334829
100,1.6075487,25116.91,0.10716137,-0.027143966
100,1.6075495,19948.785,0.10845508,-0.013487224
100,1.6075498,15847.683,0.11089631,-0.0040188599
100,1.6075503,12590.93,0.11449753,0.0072067217
100,1.6075534,10002.226,0.11838193,0.018158568
100,1.6075569,7943.999,0.12145267,0.026153157
100,1.6075443,6307.7339,0.12543619,0.034858268
100,1.6075392,5011.604,0.13157211,0.043459978
100,1.6075431,3981.2744,0.13530993,0.053028129
100,1.6075399,3161.0117,0.13902354,0.06376233
100,1.6075437,2510.8032,0.14322366,0.075372577
100,1.6075397,1995.6388,0.14909522,0.091508321
100,1.6075453,1585.5074,0.15358616,0.10830685
100,1.6075343,1258.7913,0.156927,0.13154212
100,1.6075356,1000.3202,0.16203429,0.15839481
100,1.6075332,794.23785,0.16606724,0.1933378
100,1.6075331,631.00964,0.17248239,0.23686121
100,1.6075367,501.44418,0.18022102,0.28989631
100,1.6075325,398.08914,0.19067247,0.35914323
100,1.607525,316.31589,0.19931324,0.44578755
100,1.607523,251.04433,0.21678446,0.55552971
100,1.6075295,199.55299,0.23985888,0.68720168
100,1.6075184,158.42841,0.27211836,0.8556937
100,1.6075182,125.84567,0.32027692,1.0621421
100,1.6075019,100.03201,0.39175269,1.31398
100,1.6074868,79.415512,0.50097638,1.6230042
100,1.6074501,63.082298,0.66094398,1.9902946
100,1.6074051,50.144421,0.89712852,2.4136474
100,1.6073337,39.808914,1.2375655,2.888361
100,1.607271,31.629555,1.7171633,3.3758659
100,1.6071651,25.104433,2.3595543,3.8287995
100,1.6070794,19.955299,3.1463418,4.1664133
100,1.6070036,15.857577,4.0265026,4.328423
100,1.6069274,12.600809,4.9172645,4.2902679
100,1.6068695,10.003201,5.7351103,4.0822649
100,1.6068846,7.9395323,6.4264259,3.7448661
100,1.6068746,6.3105812,6.9620934,3.3619571
100,1.6069103,5.0080128,7.3661008,2.9706059
100,1.6070645,3.9778516,7.6599212,2.6054945
100,1.6071818,3.1629555,7.870811,2.2925327
100,1.6073279,2.5136747,8.0155544,2.0280807
100,1.607509,1.99553,8.1196556,1.8153037
100,1.6075583,1.5853286,8.171629,1.6488409
100,1.6078202,1.2596742,8.21908,1.5265636
100,1.6078917,1.0000639,8.2234259,1.4409069
100,1.6081988,0.79363066,8.2436934,1.3897122
100,1.6084938,0.63090527,8.2444944,1.3675771
100,1.6086121,0.50154078,8.2047176,1.3669323
100,1.6088833,0.39774463,8.1668091,1.3811185
100,1.6093106,0.3161931,8.1550817,1.4258342
100,1.6097178,0.25122195,8.1226025,1.4838866
100,1.6099677,0.19933917,8.0424194,1.5433122
100,1.6100523,0.15860692,7.8728666,1.5918843
100,1.6100922,0.12593903,7.6197848,1.6193705
100,1.6101866,0.10007046,7.3238273,1.6318394
100,1.6084584,100003.71,0.10046748,-0.18601689
100,1.6087052,79433.273,0.098954506,-0.14249566
100,1.6087227,63093.824,0.098049536,-0.10904514
100,1.6087337,50122.477,0.098257445,-0.082508363
100,1.6087459,39814.059,0.098066032,-0.058620784
100,1.6087441,31621.139,0.10124105,-0.04035376
100,1.6087493,25116.91,0.10334171,-0.025543572
100,1.6087481,19948.785,0.10609488,-0.014819297
100,1.6087432,15847.683,0.10852178,-0.0015142809
100,1.6087458,12590.93,0.11341917,0.0073251077
100,1.6087444,10002.226,0.1160343,0.016976951
100,1.6087366,7943.999,0.12062227,0.025897823
100,1.6087245,6307.7339,0.1250799,0.034771118
100,1.6087106,5011.604,0.1294374,0.043763746
100,1.6087092,3981.2744,0.13315445,0.052436825
100,1.6086935,3161.0117,0.13750844,0.061973572
100,1.6086953,2510.8032,0.14472204,0.076048046
100,1.6086835,1995.6388,0.14754659,0.088260219
100,1.6086848,1585.5074,0.15082225,0.10856796
100,1.6086757,1258.7913,0.15573354,0.1304801
100,1.6086624,1000.3202,0.16306198,0.15700279
100,1.6086563,794.23785,0.16953328,0.19205604
100,1.6086438,631.00964,0.17574139,0.23678625
100,1.6086435,501.44418,0.1841938,0.29178098
100,1.6086316,398.08914,0.1951129,0.35863712
100,1.6086234,316.31589,0.21103248,0.44530883
100,1.6086223,251.04433,0.2316917,0.5537042
100,1.6086102,199.55299,0.2603552,0.68285251
100,1.6086051,158.42841,0.30568936,0.8469013
100,1.608587,125.84567,0.3702687,1.0450454
100,1.6085625,100.03201,0.46704188,1.2828671
100,1.6085545,79.415512,0.61100537,1.5632395
100,1.6085333,63.082298,0.82136017,1.8784156
100,1.6085039,50.144421,1.1130917,2.2159295
100,1.6084656,39.808914,1.5142529,2.5512772
100,1.6084373,31.629555,2.0156896,2.8389859
100,1.6083846,25.104433,2.6090643,3.0295823
100,1.6083562,19.955299,3.2354281,3.0923035
100,1.6083372,15.857577,3.8432724,3.0280254
100,1.608327,12.600809,4.3882127,2.8705904
100,1.6083333,10.003201,4.8509426,2.6618953
100,1.6083648,7.9395323,5.2334113,2.4366331
100,1.6083989,6.3105812,5.546371,2.2229965
100,1.6084404,5.0080128,5.8114028,2.0283492
100,1.6085665,3.9778516,6.0395136,1.8570479
100,1.60866,3.1629555,6.2372947,1.709367
100,1.6087642,2.5136747,6.4092073,1.5814142
100,1.6088552,1.99553,6.557282,1.471824
100,1.6088443,1.5853286,6.6845603,1.3834295
100,1.6090269,1.2596742,6.7694168,1.307541
100,1.6090232,1.0000639,6.8521323,1.2580974
100,1.6091868,0.79363066,6.8952579,1.2226954
100,1.6093844,0.63090527,6.9141912,1.2053872
100,1.6093802,0.50154078,6.9521394,1.2159885
100,1.6094602,0.39774463,6.9563651,1.2349869
100,1.6096857,0.3161931,6.9477839,1.2701439
100,1.6099288,0.25122195,6.9205208,1.3135529
100,1.6100404,0.19933917,6.8996148,1.3659985
100,1.6099997,0.15860692,6.8647175,1.4240447
100,1.609926,0.12593903,6.7786193,1.4683427
100,1.6099392,0.10007046,6.6597729,1.4997108
90,1.467966,100003.71,0.10789981,-0.20010842
90,1.4679718,79433.273,0.10811248,-0.15605929
90,1.4679683,63093.824,0.10690331,-0.12302614
90,1.4679772,50122.477,0.10550734,-0.096417524
90,1.4679755,39814.059,0.10444865,-0.075528033
90,1.4679809,31621.139,0.1070331,-0.057077453
90,1.4679725,25116.91,0.10647993,-0.044741649
90,1.4679739,19948.785,0.10608875,-0.036422927
90,1.4679757,15847.683,0.10816141,-0.025461385
90,1.4679749,12590.93,0.10674143,-0.019721638
90,1.4679819,10002.226,0.11080295,-0.013874623
90,1.467979,7943.999,0.10910789,-0.0096730804
90,1.467968,6307.7339,0.11127927,-0.0047943224
90,1.4679737,5011.604,0.11126366,-0.001438185
90,1.4679744,3981.2744,0.11207182,0.0030071861
90,1.4679713,3161.0117,0.11330611,0.0056731016
90,1.46797,2510.8032,0.11486062,0.0078019793
90,1.4679718,1995.6388,0.11819102,0.0086025884
90,1.4679722,1585.5074,0.11968572,0.0099640638
90,1.4679706,1258.7913,0.12091672,0.011434364
90,1.4679728,1000.3202,0.12270359,0.012577586
90,1.4679724,794.23785,0.12397456,0.016701233
90,1.4679657,631.00964,0.12674102,0.017336588
90,1.4679705,501.44418,0.12989382,0.019585401
90,1.4679685,398.08914,0.13217741,0.021074252
90,1.467976,316.31589,0.13306248,0.023060441
90,1.4679722,251.04433,0.1377933,0.026437389
90,1.4679722,199.55299,0.14118123,0.028647661
90,1.4679725,158.42841,0.14342162,0.030851612
90,1.4679765,125.84567,0.14685188,0.035444897
90,1.4679738,100.03201,0.15103287,0.041063715
90,1.4679776,79.415512,0.15515171,0.045846742
90,1.4679759,63.082298,0.16087608,0.051688299
90,1.4679742,50.144421,0.168357,0.059301376
90,1.4679745,39.808914,0.17673221,0.067650154
90,1.4679807,31.629555,0.18603578,0.074991293
90,1.4679768,25.104433,0.19625172,0.085234195
90,1.4679803,19.955299,0.20961992,0.094570249
90,1.4679834,15.857577,0.22551398,0.10414386
90,1.4679796,12.600809,0.24227631,0.11106097
90,1.4679751,10.003201,0.26171106,0.11925782
90,1.4679788,7.9395323,0.28255597,0.12230668
90,1.4679775,6.3105812,0.30132931,0.12513368
90,1.4679714,5.0080128,0.32371452,0.12549496
90,1.4679751,3.9778516,0.34402683,0.12408108
90,1.4679766,3.1629555,0.36297408,0.12276668
90,1.467978,2.5136747,0.37991089,0.119744
90,1.4679866,1.99553,0.39450648,0.11663416
90,1.467979,1.5853286,0.40909046,0.11518375
90,1.4679878,1.2596742,0.42168269,0.11295257
90,1.4679782,1.0000639,0.43428606,0.11230074
90,1.467995,0.79363066,0.44441834,0.11110768
90,1.4679973,0.63090527,0.45594192,0.11180499
90,1.4679915,0.50154078,0.46682891,0.1139343
90,1.4680037,0.39774463,0.47692505,0.11572102
90,1.4680177,0.3161931,0.48653346,0.11818304
90,1.4680307,0.25122195,0.49745741,0.12170079
90,1.4680371,0.19933917,0.50944966,0.12686485
90,1.4680415,0.15860692,0.52109534,0.13183208
90,1.4680589,0.12593903,0.53360492,0.13719006
90,1.4680874,0.10007046,0.54619825,0.14229223
90,1.4679365,100003.71,0.10868739,-0.19829547
90,1.4680099,79433.273,0.10760586,-0.15539637
90,1.4680178,63093.824,0.10545488,-0.12467377
90,1.4680326,50122.477,0.10555241,-0.095148116
90,1.4680285,39814.059,0.10478214,-0.072997376
90,1.4680407,31621.139,0.1071385,-0.057257276
90,1.4680512,25116.91,0.10680777,-0.045202248
90,1.4680504,19948.785,0.10624161,-0.033988003
90,1.4680558,15847.683,0.1075809,-0.028142743
90,1.468057,12590.93,0.10761704,-0.01890832
90,1.4680578,10002.226,0.10914729,-0.012753805
90,1.4680657,7943.999,0.10893543,-0.0084721474
90,1.4680532,6307.7339,0.11010781,-0.0035382989
90,1.4680556,5011.604,0.11218227,-0.00035626575
90,1.4680591,3981.2744,0.11323936,0.0021080801
90,1.4680634,3161.0117,0.11376123,0.004578596
90,1.4680656,2510.8032,0.11440835,0.0051300242
90,1.4680693,1995.6388,0.11609603,0.0089381859
90,1.4680713,1585.5074,0.11904934,0.0092032999
90,1.4680723,1258.7913,0.12052269,0.011511442
90,1.4680698,1000.3202,0.12172534,0.014274764
90,1.4680724,794.23785,0.12422206,0.016308961
90,1.4680754,631.00964,0.12460556,0.017558357
90,1.4680783,501.44418,0.12867939,0.019715082
90,1.4680825,398.08914,0.13007376,0.021226121
90,1.468081,316.31589,0.13416456,0.021953365
90,1.4680866,251.04433,0.13630384,0.026557356
90,1.4680804,199.55299,0.13927417,0.028695455
90,1.4680884,158.42841,0.14280559,0.031902712
90,1.4680889,125.84567,0.14521246,0.035963178
90,1.4680883,100.03201,0.15244344,0.040605217
90,1.4680918,79.415512,0.15531208,0.045430079
90,1.4680935,63.082298,0.16123666,0.051540539
90,1.4680899,50.144421,0.1683985,0.059845392
90,1.468096,39.808914,0.17488459,0.066011779
90,1.4680952,31.629555,0.18447946,0.074957974
90,1.4680957,25.104433,0.19677874,0.086583808
90,1.4680959,19.955299,0.2098134,0.092689492
90,1.4680949,15.857577,0.22362339,0.10210765
90,1.4680967,12.600809,0.24211684,0.11123942
90,1.4680976,10.003201,0.26306406,0.11644437
90,1.4681035,7.9395323,0.28284782,0.12128475
90,1.4680994,6.3105812,0.303642,0.12287063
90,1.4681035,5.0080128,0.32408679,0.12408583
90,1.4680965,3.9778516,0.34475183,0.12195
90,1.4680976,3.1629555,0.3637712,0.1206708
90,1.4680982,2.5136747,0.38012409,0.11786446
90,1.4681025,1.99553,0.39517543,0.11492258
90,1.4681171,1.5853286,0.4092983,0.11266153
90,1.4681107,1.2596742,0.42314643,0.11079812
90,1.468127,1.0000639,0.43426692,0.11037542
90,1.4681325,0.79363066,0.44635269,0.11010078
90,1.4681294,0.63090527,0.4581998,0.11209346
90,1.4681491,0.50154078,0.46878847,0.1132705
90,1.468169,0.39774463,0.4785116,0.11475804
90,1.4681779,0.3161931,0.4898141,0.11866862
90,1.4681778,0.25122195,0.50161004,0.12329745
90,1.4681883,0.19933917,0.51280546,0.12813707
90,1.4682089,0.15860692,0.5241943,0.13220547
90,1.4682404,0.12593903,0.53460789,0.13707612
90,1.4682711,0.10007046,0.54611546,0.1420927
80,1.429755,100003.71,0.10116085,-0.19660394
80,1.4297566,79433.273,0.099998899,-0.15564546
80,1.4297563,63093.824,0.098596789,-0.12197627
80,1.4297605,50122.477,0.099631697,-0.09536726
80,1.4297638,39814.059,0.096948564,-0.074044496
80,1.4297663,31621.139,0.099474527,-0.057779074
80,1.4297644,25116.91,0.099593617,-0.04552152
80,1.4297633,19948.785,0.099921867,-0.034726515
80,1.4297702,15847.683,0.10004942,-0.025942225
80,1.4297698,12590.93,0.099799737,-0.018954184
80,1.4297694,10002.226,0.10169014,-0.01352996
80,1.4297738,7943.999,0.1013471,-0.009429262
80,1.4297582,6307.7339,0.10136636,-0.004166849
80,1.4297606,5011.604,0.10500018,-0.0011659531
80,1.42976,3981.2744,0.10558148,0.0017338061
80,1.4297656,3161.0117,0.10643145,0.0027140223
80,1.4297616,2510.8032,0.10790195,0.0022061074
80,1.42976,1995.6388,0.10967316,0.0079902038
80,1.4297632,1585.5074,0.10987055,0.0087242275
80,1.4297616,1258.7913,0.11243142,0.0098990472
80,1.4297625,1000.3202,0.1132388,0.010838463
80,1.4297659,794.23785,0.11418661,0.012385448
80,1.4297637,631.00964,0.11765125,0.012654425
80,1.4297628,501.44418,0.11849418,0.013509669
80,1.429762,398.08914,0.12259411,0.016511729
80,1.4297671,316.31589,0.1238923,0.015943395
80,1.4297706,251.04433,0.12563041,0.019495474
80,1.429773,199.55299,0.13005231,0.021193026
80,1.4297683,158.42841,0.13155249,0.023817299
80,1.4297677,125.84567,0.1339024,0.027226496
80,1.4297727,100.03201,0.13828766,0.028314801
80,1.429774,79.415512,0.14051816,0.032228082
80,1.4297717,63.082298,0.14557253,0.035251286
80,1.4297709,50.144421,0.14863545,0.036718447
80,1.4297721,39.808914,0.15448163,0.043349218
80,1.4297751,31.629555,0.15786509,0.049310878
80,1.4297742,25.104433,0.16483799,0.05564671
80,1.4297729,19.955299,0.17128247,0.062101852
80,1.4297699,15.857577,0.17881843,0.069208845
80,1.4297783,12.600809,0.19096602,0.0780304
80,1.4297779,10.003201,0.2021146,0.090370834
80,1.4297711,7.9395323,0.21734159,0.099169768
80,1.4297814,6.3105812,0.23451774,0.10713362
80,1.4297811,5.0080128,0.25400633,0.11452036
80,1.4297831,3.9778516,0.27499434,0.12010204
80,1.4297851,3.1629555,0.29493165,0.12309874
80,1.42979,2.5136747,0.31486747,0.1246786
80,1.4297866,1.99553,0.33514082,0.12462111
80,1.4297837,1.5853286,0.35370615,0.12285785
80,1.429794,1.2596742,0.36980128,0.12133976
80,1.4297954,1.0000639,0.38540557,0.11946063
80,1.4297937,0.79363066,0.40059552,0.11902738
80,1.4298068,0.63090527,0.41256574,0.11760114
80,1.4298161,0.50154078,0.42548382,0.11739744
80,1.4298173,0.39774463,0.43807763,0.11940881
80,1.4298234,0.3161931,0.44971797,0.12102169
80,1.429846,0.25122195,0.46093595,0.12332848
80,1.4298729,0.19933917,0.4718371,0.12565546
80,1.4298992,0.15860692,0.48351106,0.12916304
80,1.4299244,0.12593903,0.49658644,0.13448913
80,1.4299515,0.10007046,0.50992233,0.14021373
80,1.4302454,100003.71,0.10034072,-0.19657984
80,1.430189,79433.273,0.10022303,-0.15529151
80,1.4301808,63093.824,0.099376626,-0.12070965
80,1.4301691,50122.477,0.09632837,-0.09515819
80,1.4301676,39814.059,0.097186096,-0.073475339
80,1.4301594,31621.139,0.098817043,-0.057960957
80,1.4301507,25116.91,0.09897732,-0.045974694
80,1.4301567,19948.785,0.099786505,-0.033767413
80,1.4301518,15847.683,0.10070478,-0.0256762
80,1.4301435,12590.93,0.099221587,-0.017910486
80,1.4301363,10002.226,0.10021591,-0.013859152
80,1.4301388,7943.999,0.10006092,-0.0091676377
80,1.4301252,6307.7339,0.10250483,-0.0048738951
80,1.4301221,5011.604,0.1030844,-0.0011800723
80,1.4301189,3981.2744,0.10533016,0.0014607593
80,1.4301133,3161.0117,0.10515527,0.0039941138
80,1.4301156,2510.8032,0.10779569,0.005212035
80,1.4301097,1995.6388,0.10917456,0.0078809476
80,1.430108,1585.5074,0.11057042,0.008834199
80,1.4301049,1258.7913,0.11248719,0.010053696
80,1.4301113,1000.3202,0.11326822,0.011327663
80,1.4301075,794.23785,0.11467187,0.011961792
80,1.4301007,631.00964,0.11713491,0.013290763
80,1.4301021,501.44418,0.1191128,0.013761464
80,1.4300939,398.08914,0.12264276,0.016719349
80,1.430096,316.31589,0.12413464,0.019014537
80,1.430099,251.04433,0.12646897,0.019262657
80,1.430094,199.55299,0.12885308,0.020974368
80,1.4300894,158.42841,0.13060884,0.021134164
80,1.4300975,125.84567,0.13572778,0.02502506
80,1.4300882,100.03201,0.13760938,0.026633281
80,1.430087,79.415512,0.1409981,0.030473255
80,1.4300882,63.082298,0.14520018,0.034769345
80,1.4300867,50.144421,0.15036625,0.038479842
80,1.4300814,39.808914,0.15290779,0.042385083
80,1.4300869,31.629555,0.15832113,0.04712319
80,1.4300889,25.104433,0.16580656,0.054839343
80,1.4300923,19.955299,0.17251208,0.06293004
80,1.4300812,15.857577,0.18108539,0.072252512
80,1.4300889,12.600809,0.19079588,0.079112589
80,1.4300941,10.003201,0.20353782,0.088278994
80,1.4300891,7.9395323,0.21953081,0.096763432
80,1.4300945,6.3105812,0.23542635,0.10455289
80,1.4300981,5.0080128,0.25520769,0.11037283
80,1.4300886,3.9778516,0.2753579,0.11537655
80,1.4300948,3.1629555,0.29534864,0.11691008
80,1.430097,2.5136747,0.31449586,0.11824936
80,1.4300895,1.99553,0.33362153,0.1165942
80,1.4300932,1.5853286,0.35063276,0.11541966
80,1.430092,1.2596742,0.36720076,0.1137197
80,1.4300971,1.0000639,0.38126293,0.11153945
80,1.4300907,0.79363066,0.39609575,0.11122165
80,1.4300971,0.63090527,0.40882328,0.11124923
80,1.4301107,0.50154078,0.42082,0.1109582
80,1.4301126,0.39774463,0.43398005,0.11318782
80,1.4301087,0.3161931,0.44657314,0.11646894
80,1.4301186,0.25122195,0.45886338,0.11956
80,1.4301399,0.19933917,0.47004226,0.12314169
80,1.4301684,0.15860692,0.48128995,0.12723196
80,1.4301965,0.12593903,0.49448475,0.13237365
80,1.4302189,0.10007046,0.50868207,0.13897398
70,1.389812,100003.71,0.11111506,-0.19800925
70,1.3898176,79433.273,0.10726295,-0.1579314
70,1.3898246,63093.824,0.10911197,-0.12519488
70,1.3898215,50122.477,0.10485814,-0.094008237
70,1.3898224,39814.059,0.10730329,-0.072516553
70,1.3898249,31621.139,0.10790634,-0.056010161
70,1.3898244,25116.91,0.10824065,-0.045396533
70,1.3898332,19948.785,0.10927214,-0.033408847
70,1.3898294,15847.683,0.10822339,-0.025376702
70,1.3898329,12590.93,0.10907661,-0.01901288
70,1.3898293,10002.226,0.11042625,-0.01369794
70,1.3898338,7943.999,0.11136442,-0.0069789896
70,1.3898234,6307.7339,0.11310856,-0.0024938132
70,1.3898166,5011.604,0.11465097,0.0021876341
70,1.3898231,3981.2744,0.11517709,0.0020415036
70,1.3898195,3161.0117,0.11670583,0.0038439033
70,1.3898202,2510.8032,0.11887577,0.0067811818
70,1.3898237,1995.6388,0.12037391,0.0096934559
70,1.3898284,1585.5074,0.12217172,0.010298807
70,1.389825,1258.7913,0.12319956,0.011580167
70,1.389828,1000.3202,0.12690684,0.01212573
70,1.3898299,794.23785,0.12914775,0.013177719
70,1.3898182,631.00964,0.12945984,0.015690248
70,1.3898239,501.44418,0.1311308,0.016852105
70,1.3898274,398.08914,0.13679846,0.017609147
70,1.3898126,316.31589,0.13708441,0.019843195
70,1.3898333,251.04433,0.14181265,0.023345368
70,1.3898302,199.55299,0.14404334,0.023309279
70,1.3898244,158.42841,0.14756221,0.024415422
70,1.3898271,125.84567,0.14983477,0.02577533
70,1.3898286,100.03201,0.15280966,0.027957974
70,1.3898278,79.415512,0.15704679,0.031821184
70,1.3898293,63.082298,0.16297069,0.03553763
70,1.3898325,50.144421,0.16595948,0.039172325
70,1.3898305,39.808914,0.16885726,0.043195009
70,1.3898371,31.629555,0.17426017,0.04795222
70,1.3898419,25.104433,0.18092646,0.054220293
70,1.3898394,19.955299,0.18748657,0.05913727
70,1.3898436,15.857577,0.19371834,0.068227164
70,1.3898324,12.600809,0.20053753,0.077371106
70,1.3898305,10.003201,0.21195976,0.085134588
70,1.3898345,7.9395323,0.22274756,0.0966295
70,1.3898357,6.3105812,0.23790975,0.10930342
70,1.389832,5.0080128,0.25418478,0.12128296
70,1.3898404,3.9778516,0.27378047,0.13299125
70,1.3898467,3.1629555,0.29657781,0.14411236
70,1.3898491,2.5136747,0.32108292,0.1522989
70,1.3898505,1.99553,0.34782919,0.15706885
70,1.3898424,1.5853286,0.37514898,0.16106938
70,1.3898569,1.2596742,0.40065184,0.16069154
70,1.389855,1.0000639,0.42536089,0.15905702
70,1.389858,0.79363066,0.44774327,0.1570214
70,1.3898752,0.63090527,0.46715161,0.15261564
70,1.3898804,0.50154078,0.48627159,0.15049881
70,1.3898811,0.39774463,0.50345922,0.14921631
70,1.3898929,0.3161931,0.5189057,0.14751531
70,1.3899198,0.25122195,0.53296733,0.14688377
70,1.3899462,0.19933917,0.54657,0.14713462
70,1.3899685,0.15860692,0.56060886,0.14978108
70,1.3899847,0.12593903,0.57491362,0.15383907
70,1.3900115,0.10007046,0.58895785,0.15727817
70,1.3902586,100003.71,0.10870318,-0.19640867
70,1.390227,79433.273,0.10790147,-0.15513907
70,1.3902256,63093.824,0.10621439,-0.12582323
70,1.3902141,50122.477,0.10387997,-0.095152438
70,1.3902148,39814.059,0.10463126,-0.072743453
70,1.3902118,31621.139,0.10753694,-0.057257216
70,1.3902075,25116.91,0.10718204,-0.044563834
70,1.3902019,19948.785,0.10809009,-0.03418611
70,1.390196,15847.683,0.10766999,-0.025390405
70,1.3901932,12590.93,0.11005475,-0.018521409
70,1.3901932,10002.226,0.10950354,-0.012728316
70,1.3901917,7943.999,0.10976096,-0.0062443498
70,1.390178,6307.7339,0.11239009,-0.0038923142
70,1.3901731,5011.604,0.11231826,-0.00012844773
70,1.3901707,3981.2744,0.11436465,0.0010642637
70,1.3901643,3161.0117,0.11712262,0.0059306324
70,1.390165,2510.8032,0.11868319,0.0066674352
70,1.3901638,1995.6388,0.11922387,0.0098997327
70,1.3901653,1585.5074,0.12215918,0.0085410997
70,1.3901623,1258.7913,0.12401161,0.011127015
70,1.3901687,1000.3202,0.12612231,0.013941285
70,1.3901639,794.23785,0.12785897,0.014231385
70,1.3901631,631.00964,0.12919253,0.015538457
70,1.3901581,501.44418,0.13200027,0.017949143
70,1.390157,398.08914,0.13640311,0.018736815
70,1.3901541,316.31589,0.13754037,0.018800545
70,1.3901627,251.04433,0.14000189,0.021085061
70,1.3901532,199.55299,0.1439653,0.023194849
70,1.3901606,158.42841,0.14591534,0.02432511
70,1.3901546,125.84567,0.14742434,0.027231857
70,1.3901547,100.03201,0.15248559,0.02976938
70,1.390157,79.415512,0.15494294,0.032418586
70,1.3901571,63.082298,0.16011333,0.0354014
70,1.3901526,50.144421,0.1627802,0.038734145
70,1.3901501,39.808914,0.1690153,0.042048674
70,1.3901496,31.629555,0.17456976,0.047552373
70,1.3901536,25.104433,0.17948775,0.055246111
70,1.390151,19.955299,0.18571566,0.06034366
70,1.3901472,15.857577,0.19362684,0.067097239
70,1.3901491,12.600809,0.20063347,0.075040944
70,1.3901418,10.003201,0.21079937,0.085226342
70,1.3901513,7.9395323,0.22396098,0.09637969
70,1.3901459,6.3105812,0.238235,0.10788888
70,1.3901412,5.0080128,0.25384784,0.11812962
70,1.3901428,3.9778516,0.27504617,0.13048913
70,1.3901416,3.1629555,0.29723313,0.1402263
70,1.3901402,2.5136747,0.32205346,0.14773934
70,1.3901516,1.99553,0.3481181,0.15210895
70,1.3901494,1.5853286,0.37550294,0.1535199
70,1.3901514,1.2596742,0.39923504,0.15288365
70,1.3901494,1.0000639,0.42398992,0.15176338
70,1.3901641,0.79363066,0.44424525,0.14753515
70,1.3901618,0.63090527,0.4644123,0.14550538
70,1.3901572,0.50154078,0.48295742,0.14392631
70,1.3901689,0.39774463,0.4992224,0.14209253
70,1.3901862,0.3161931,0.51335764,0.14126627
70,1.3901973,0.25122195,0.52873087,0.14206472
70,1.3901973,0.19933917,0.54395688,0.14500237
70,1.3902022,0.15860692,0.55856603,0.14861028
70,1.3902242,0.12593903,0.5726226,0.15164757
70,1.390265,0.10007046,0.58584034,0.15554015
60,1.356362,100003.71,0.11438478,-0.1956825
60,1.3563627,79433.273,0.1119137,-0.15700136
60,1.3563612,63093.824,0.11147927,-0.12144063
60,1.356369,50122.477,0.10839983,-0.094385915
60,1.3563622,39814.059,0.10927401,-0.072215207
60,1.3563684,31621.139,0.1125512,-0.055244811
60,1.3563669,25116.91,0.11313684,-0.043985829
60,1.3563665,19948.785,0.11288573,-0.032344826
60,1.3563725,15847.683,0.11308047,-0.02338638
60,1.3563656,12590.93,0.11563803,-0.017976839
60,1.3563682,10002.226,0.11648502,-0.0097825853
60,1.3563769,7943.999,0.11745187,-0.0046431441
60,1.3563595,6307.7339,0.11975239,-0.0018004955
60,1.3563547,5011.604,0.12257487,0.002258579
60,1.3563583,3981.2744,0.12251107,0.0053770626
60,1.3563565,3161.0117,0.12467846,0.0086071035
60,1.3563614,2510.8032,0.12611482,0.0080528026
60,1.3563638,1995.6388,0.12878808,0.010854808
60,1.3563603,1585.5074,0.13078743,0.012086679
60,1.3563639,1258.7913,0.13474087,0.014515707
60,1.3563627,1000.3202,0.13544856,0.016027374
60,1.356366,794.23785,0.13724697,0.016589684
60,1.3563645,631.00964,0.14226919,0.017333863
60,1.3563614,501.44418,0.14112124,0.019592762
60,1.3563634,398.08914,0.14543271,0.020128882
60,1.3563668,316.31589,0.14750241,0.022502556
60,1.3563614,251.04433,0.15221891,0.023780445
60,1.3563651,199.55299,0.15625001,0.025538562
60,1.3563675,158.42841,0.15815368,0.028126808
60,1.3563672,125.84567,0.16165677,0.030584536
60,1.3563741,100.03201,0.16636053,0.032367628
60,1.3563726,79.415512,0.17013034,0.03567319
60,1.3563683,63.082298,0.17436196,0.037640404
60,1.3563696,50.144421,0.17932415,0.040379036
60,1.3563702,39.808914,0.18431032,0.045935962
60,1.3563689,31.629555,0.18862358,0.0491064
60,1.3563708,25.104433,0.1945748,0.055796724
60,1.3563794,19.955299,0.20180891,0.06092089
60,1.3563794,15.857577,0.20816924,0.068262674
60,1.3563817,12.600809,0.21720988,0.075306788
60,1.3563733,10.003201,0.22597793,0.084175833
60,1.3563732,7.9395323,0.23660304,0.096930765
60,1.3563792,6.3105812,0.24941587,0.10908863
60,1.3563763,5.0080128,0.26448432,0.12390202
60,1.3563864,3.9778516,0.28186414,0.13953437
60,1.3563911,3.1629555,0.30472699,0.15342756
60,1.3563951,2.5136747,0.3297967,0.16840576
60,1.3563955,1.99553,0.35971391,0.18095832
60,1.3563862,1.5853286,0.39140096,0.19027923
60,1.3563994,1.2596742,0.42401022,0.19582157
60,1.3563918,1.0000639,0.45743328,0.1975231
60,1.3564007,0.79363066,0.488498,0.19628184
60,1.3564155,0.63090527,0.517129,0.19125494
60,1.3564148,0.50154078,0.54463047,0.18753949
60,1.356418,0.39774463,0.56758767,0.18371436
60,1.3564372,0.3161931,0.58892411,0.17907435
60,1.3564618,0.25122195,0.60764015,0.17494573
60,1.3564868,0.19933917,0.62563652,0.17283851
60,1.3565071,0.15860692,0.64321715,0.17315
60,1.3565243,0.12593903,0.6608488,0.17471865
60,1.356552,0.10007046,0.67748004,0.17642699
60,1.3567125,100003.71,0.11407168,-0.19859286
60,1.3567027,79433.273,0.11179002,-0.15474826
60,1.3566973,63093.824,0.11021426,-0.12079441
60,1.3566962,50122.477,0.10920838,-0.095626861
60,1.3566906,39814.059,0.11052159,-0.072032325
60,1.35669,31621.139,0.11285976,-0.05685997
60,1.3566858,25116.91,0.1123377,-0.042480092
60,1.3566871,19948.785,0.10963224,-0.030945636
60,1.3566844,15847.683,0.11276879,-0.023690365
60,1.3566879,12590.93,0.11356312,-0.01688209
60,1.3566794,10002.226,0.11690702,-0.010156191
60,1.3566735,7943.999,0.11784641,-0.0050453884
60,1.356666,6307.7339,0.11895705,-0.0019381017
60,1.3566602,5011.604,0.12127087,0.0019186006
60,1.3566642,3981.2744,0.12258499,0.0051422985
60,1.3566619,3161.0117,0.12454615,0.0069762161
60,1.3566644,2510.8032,0.12598942,0.0082089948
60,1.3566594,1995.6388,0.12794971,0.010937716
60,1.3566573,1585.5074,0.13177751,0.012292141
60,1.356661,1258.7913,0.13491054,0.013659597
60,1.3566593,1000.3202,0.13516775,0.016324488
60,1.3566573,794.23785,0.13864252,0.015537502
60,1.3566576,631.00964,0.13964613,0.01823088
60,1.3566514,501.44418,0.14321958,0.020133132
60,1.3566543,398.08914,0.14642882,0.020869313
60,1.3566517,316.31589,0.14826404,0.023596911
60,1.3566519,251.04433,0.15090698,0.022901716
60,1.356654,199.55299,0.15477391,0.026008409
60,1.3566533,158.42841,0.15783688,0.027235784
60,1.3566521,125.84567,0.16405867,0.0291564
60,1.356656,100.03201,0.16440673,0.032936644
60,1.356655,79.415512,0.17032185,0.034582306
60,1.3566544,63.082298,0.17433754,0.038601443
60,1.356652,50.144421,0.17836758,0.041203599
60,1.3566508,39.808914,0.1876435,0.045967493
60,1.3566548,31.629555,0.19076525,0.049752414
60,1.3566476,25.104433,0.1953683,0.056221351
60,1.3566507,19.955299,0.20294856,0.061501838
60,1.3566511,15.857577,0.20883554,0.068055555
60,1.3566594,12.600809,0.21684322,0.075277865
60,1.3566555,10.003201,0.2273913,0.086603045
60,1.3566586,7.9395323,0.23688595,0.096771359
60,1.3566635,6.3105812,0.25001264,0.10997421
60,1.3566653,5.0080128,0.2650553,0.12307771
60,1.3566568,3.9778516,0.28380749,0.13789454
60,1.3566564,3.1629555,0.30544889,0.15186758
60,1.3566515,2.5136747,0.33147925,0.16630797
60,1.3566501,1.99553,0.36082819,0.17824058
60,1.3566614,1.5853286,0.39250308,0.18616915
60,1.3566538,1.2596742,0.42584389,0.19099365
60,1.3566689,1.0000639,0.4575026,0.19130298
60,1.3566664,0.79363066,0.48925048,0.19078001
60,1.3566645,0.63090527,0.51722598,0.18736689
60,1.356683,0.50154078,0.542768,0.18252173
60,1.356694,0.39774463,0.56603843,0.17764598
60,1.3566926,0.3161931,0.58770037,0.17576075
60,1.3566971,0.25122195,0.60737997,0.17405795
60,1.356714,0.19933917,0.62631965,0.17233746
60,1.3567425,0.15860692,0.64274383,0.17192401
60,1.356775,0.12593903,0.65826744,0.17249502
60,1.3568026,0.10007046,0.67527521,0.17498738
50,1.3330667,100003.71,0.12075845,-0.19513634
50,1.3330731,79433.273,0.1205432,-0.15604787
50,1.333078,63093.824,0.11790292,-0.12068637
50,1.3330774,50122.477,0.11957096,-0.095197588
50,1.3330747,39814.059,0.11731756,-0.072196022
50,1.3330739,31621.139,0.12281387,-0.052448336
50,1.3330784,25116.91,0.12112074,-0.040833104
50,1.3330812,19948.785,0.12505655,-0.031219615
50,1.3330754,15847.683,0.12488234,-0.021257918
50,1.3330765,12590.93,0.12793824,-0.014189838
50,1.3330802,10002.226,0.12688954,-0.008231408
50,1.3330882,7943.999,0.12932824,-0.001802664
50,1.3330716,6307.7339,0.13065004,0.00093275728
50,1.3330766,5011.604,0.13277361,0.0066270209
50,1.3330716,3981.2744,0.1345574,0.0086948154
50,1.3330694,3161.0117,0.13816504,0.011124588
50,1.3330694,2510.8032,0.14113806,0.014456948
50,1.3330716,1995.6388,0.14381996,0.016190529
50,1.3330758,1585.5074,0.14664321,0.017381728
50,1.3330745,1258.7913,0.1514207,0.01913326
50,1.3330828,1000.3202,0.15354569,0.01989512
50,1.3330801,794.23785,0.15766539,0.022436576
50,1.3330743,631.00964,0.15800145,0.022907741
50,1.3330808,501.44418,0.16441952,0.026538242
50,1.333071,398.08914,0.16810142,0.026697509
50,1.333079,316.31589,0.17058671,0.027128998
50,1.3330759,251.04433,0.1745207,0.029238854
50,1.333078,199.55299,0.17789344,0.029654698
50,1.3330789,158.42841,0.18256111,0.031578522
50,1.3330818,125.84567,0.18637465,0.034795746
50,1.3330829,100.03201,0.19082899,0.038194202
50,1.3330808,79.415512,0.19643803,0.03938058
50,1.3330809,63.082298,0.20116737,0.042955764
50,1.3330884,50.144421,0.2073705,0.046555609
50,1.3330877,39.808914,0.21251702,0.050492693
50,1.3330845,31.629555,0.21912374,0.055085752
50,1.3330852,25.104433,0.22563127,0.059342604
50,1.333079,19.955299,0.23226337,0.066261686
50,1.3330851,15.857577,0.2400517,0.073942952
50,1.333086,12.600809,0.24869247,0.080732532
50,1.3330822,10.003201,0.25834492,0.09060555
50,1.3330911,7.9395323,0.26687202,0.10106014
50,1.3330866,6.3105812,0.27843177,0.1138788
50,1.3330884,5.0080128,0.29483673,0.12790656
50,1.3330944,3.9778516,0.30884656,0.14666973
50,1.3330832,3.1629555,0.32799539,0.16742593
50,1.3330863,2.5136747,0.35243171,0.18970144
50,1.3330957,1.99553,0.38172582,0.21147233
50,1.3331059,1.5853286,0.41736829,0.23317954
50,1.3330973,1.2596742,0.45839077,0.25161606
50,1.3331066,1.0000639,0.50414127,0.26650184
50,1.3331207,0.79363066,0.55218023,0.27210748
50,1.3331138,0.63090527,0.59961009,0.27510649
50,1.333128,0.50154078,0.64337236,0.27024266
50,1.3331518,0.39774463,0.68330288,0.26134458
50,1.3331674,0.3161931,0.71835548,0.25182426
50,1.3331741,0.25122195,0.75031108,0.24416491
50,1.3331847,0.19933917,0.77844441,0.23636179
50,1.3332065,0.15860692,0.80353218,0.22983773
50,1.3332456,0.12593903,0.82648665,0.22482044
50,1.3332976,0.10007046,0.84758395,0.2217956
50,1.3330672,100003.71,0.11875322,-0.19664454
50,1.3331525,79433.273,0.11989078,-0.1558051
50,1.3331537,63093.824,0.11940336,-0.12251515
50,1.333167,50122.477,0.11583661,-0.094268762
50,1.3331752,39814.059,0.11923327,-0.071290143
50,1.3331802,31621.139,0.12068068,-0.055176392
50,1.3331896,25116.91,0.12292945,-0.04106738
50,1.3331908,19948.785,0.12226039,-0.029889975
50,1.3331951,15847.683,0.12251486,-0.021181703
50,1.3332019,12590.93,0.12347788,-0.013242878
50,1.3332132,10002.226,0.12606031,-0.0063196002
50,1.3332229,7943.999,0.12625682,-0.004427114
50,1.3332101,6307.7339,0.13074341,0.0030869807
50,1.3332059,5011.604,0.13295902,0.0054310532
50,1.333215,3981.2744,0.13619372,0.010975661
50,1.3332173,3161.0117,0.13858441,0.011001112
50,1.3332188,2510.8032,0.14111786,0.015288596
50,1.3332204,1995.6388,0.14390314,0.015514263
50,1.3332283,1585.5074,0.14736529,0.019219812
50,1.3332295,1258.7913,0.14868142,0.018678656
50,1.3332331,1000.3202,0.1540335,0.019561315
50,1.333236,794.23785,0.15584601,0.022292392
50,1.3332391,631.00964,0.16074498,0.023844264
50,1.3332378,501.44418,0.16192722,0.024674058
50,1.3332314,398.08914,0.16638103,0.026682945
50,1.333243,316.31589,0.16940758,0.028653769
50,1.3332416,251.04433,0.17400977,0.027698994
50,1.3332496,199.55299,0.17828414,0.029775759
50,1.3332486,158.42841,0.18275085,0.032783657
50,1.3332522,125.84567,0.18792868,0.035624504
50,1.3332528,100.03201,0.19057654,0.037978355
50,1.3332489,79.415512,0.19592418,0.039066717
50,1.3332516,63.082298,0.20204826,0.043150838
50,1.3332536,50.144421,0.20668437,0.04767428
50,1.3332546,39.808914,0.2135859,0.052086599
50,1.3332635,31.629555,0.21972652,0.05510062
50,1.33327,25.104433,0.22554,0.060287919
50,1.3332655,19.955299,0.23587815,0.065560229
50,1.3332654,15.857577,0.24053922,0.073914118
50,1.3332714,12.600809,0.24765916,0.080621883
50,1.3332605,10.003201,0.25664487,0.088692114
50,1.3332797,7.9395323,0.26948869,0.10146404
50,1.3332715,6.3105812,0.2789126,0.11403903
50,1.3332677,5.0080128,0.29370478,0.13173209
50,1.3332863,3.9778516,0.30863649,0.14732774
50,1.3332794,3.1629555,0.32927051,0.16815838
50,1.333285,2.5136747,0.3531588,0.19018723
50,1.3332992,1.99553,0.3836672,0.21139334
50,1.3332959,1.5853286,0.41899025,0.23222622
50,1.3333017,1.2596742,0.45957178,0.25023764
50,1.3333002,1.0000639,0.50572872,0.26461029
50,1.3333211,0.79363066,0.55350906,0.27122399
50,1.3333275,0.63090527,0.60099411,0.27336085
50,1.3333308,0.50154078,0.64461124,0.27051413
50,1.3333483,0.39774463,0.68521351,0.26276088
50,1.333375,0.3161931,0.71956348,0.25252685
50,1.3333932,0.25122195,0.75199193,0.2443127
50,1.3334007,0.19933917,0.78053576,0.23805715
50,1.3334154,0.15860692,0.80604374,0.23269106
50,1.333442,0.12593903,0.82957834,0.2273612
50,1.3334856,0.10007046,0.85090995,0.22408888
40,1.3077044,100003.71,0.14144886,-0.19249831
40,1.3077023,79433.273,0.13987103,-0.15347606
40,1.307707,63093.824,0.13806899,-0.11821117
40,1.3077087,50122.477,0.13767658,-0.090746403
40,1.3077087,39814.059,0.13694017,-0.068883739
40,1.3077106,31621.139,0.14080876,-0.051719535
40,1.3077085,25116.91,0.14164516,-0.038121633
40,1.3077148,19948.785,0.14107248,-0.028614055
40,1.3077134,15847.683,0.14453073,-0.019744752
40,1.3077148,12590.93,0.14356561,-0.012387485
40,1.3077166,10002.226,0.14622986,-0.0049288953
40,1.3077149,7943.999,0.14848042,0.0010266881
40,1.3077165,6307.7339,0.1520499,0.0058344393
40,1.3077013,5011.604,0.1543729,0.0075481539
40,1.3077037,3981.2744,0.1566332,0.013291808
40,1.3077074,3161.0117,0.16026945,0.01470321
40,1.3077079,2510.8032,0.1641867,0.017565617
40,1.3077003,1995.6388,0.1673732,0.020644249
40,1.3077017,1585.5074,0.16922243,0.024883669
40,1.3077042,1258.7913,0.17509952,0.023977088
40,1.3077064,1000.3202,0.1770514,0.025690595
40,1.307709,794.23785,0.18338217,0.027849391
40,1.3077002,631.00964,0.18763892,0.028617853
40,1.307707,501.44418,0.1929481,0.02989761
40,1.307704,398.08914,0.1973765,0.029954093
40,1.3077146,316.31589,0.2012842,0.032128744
40,1.3077103,251.04433,0.20521583,0.032868493
40,1.3077042,199.55299,0.20891179,0.034413371
40,1.3077117,158.42841,0.21581432,0.037455246
40,1.3077127,125.84567,0.22017004,0.037793342
40,1.3077163,100.03201,0.2256853,0.040755138
40,1.3077122,79.415512,0.23183681,0.043562703
40,1.3077163,63.082298,0.23676166,0.045596734
40,1.3077116,50.144421,0.24149054,0.050988518
40,1.3077163,39.808914,0.24884422,0.051817909
40,1.3077104,31.629555,0.25571448,0.056496944
40,1.3077173,25.104433,0.26226228,0.062638178
40,1.3077157,19.955299,0.27064764,0.069140993
40,1.3077174,15.857577,0.27759376,0.0741999
40,1.3077261,12.600809,0.28650576,0.08166568
40,1.3077321,10.003201,0.29650113,0.09106297
40,1.3077228,7.9395323,0.30580994,0.10050695
40,1.3077314,6.3105812,0.31674495,0.11486638
40,1.3077335,5.0080128,0.32979655,0.12821037
40,1.3077196,3.9778516,0.34480843,0.14698289
40,1.3077193,3.1629555,0.36168179,0.1663686
40,1.3077226,2.5136747,0.38383925,0.19002192
40,1.3077221,1.99553,0.40914273,0.21703085
40,1.307741,1.5853286,0.44246837,0.24517035
40,1.3077285,1.2596742,0.48276588,0.27312455
40,1.3077507,1.0000639,0.53079146,0.29884318
40,1.3077476,0.79363066,0.58611709,0.31936225
40,1.3077472,0.63090527,0.64397764,0.33185065
40,1.3077724,0.50154078,0.70368057,0.3351922
40,1.3077915,0.39774463,0.76157868,0.33077198
40,1.3077947,0.3161931,0.81377947,0.32303274
40,1.3078026,0.25122195,0.85958821,0.31075922
40,1.3078238,0.19933917,0.90074795,0.29726413
40,1.307862,0.15860692,0.93599951,0.28461099
40,1.3079089,0.12593903,0.96726543,0.27406579
40,1.3079586,0.10007046,0.99701673,0.2664361
40,1.308139,100003.71,0.14150177,-0.1966991
40,1.3080826,79433.273,0.13922894,-0.15241592
40,1.3080739,63093.824,0.1391872,-0.1185648
40,1.308075,50122.477,0.13605443,-0.091198355
40,1.3080599,39814.059,0.13740754,-0.06936942
40,1.3080631,31621.139,0.14017694,-0.052405804
40,1.3080555,25116.91,0.13942163,-0.039707236
40,1.3080562,19948.785,0.14132899,-0.025954282
40,1.3080484,15847.683,0.14198735,-0.01868812
40,1.3080502,12590.93,0.14356145,-0.013630381
40,1.3080435,10002.226,0.14701685,-0.0050773369
40,1.3080497,7943.999,0.14822562,0.00072726957
40,1.3080312,6307.7339,0.14930348,0.005384163
40,1.3080298,5011.604,0.15490299,0.0099712471
40,1.3080282,3981.2744,0.1581468,0.012753231
40,1.3080375,3161.0117,0.16102508,0.015337166
40,1.3080264,2510.8032,0.16269322,0.019218193
40,1.3080242,1995.6388,0.16805716,0.020501386
40,1.3080332,1585.5074,0.17109436,0.022404674
40,1.3080305,1258.7913,0.17414907,0.025116416
40,1.308027,1000.3202,0.18053678,0.028223006
40,1.3080279,794.23785,0.18349296,0.027425302
40,1.3080217,631.00964,0.18916699,0.028504519
40,1.3080229,501.44418,0.19218579,0.029909426
40,1.3080181,398.08914,0.19576302,0.030060096
40,1.308024,316.31589,0.20212016,0.034524847
40,1.3080211,251.04433,0.20626919,0.035613883
40,1.3080348,199.55299,0.21010482,0.034833696
40,1.3080285,158.42841,0.21569973,0.037468348
40,1.3080168,125.84567,0.22102271,0.038530204
40,1.3080279,100.03201,0.22653078,0.041024949
40,1.3080232,79.415512,0.23122843,0.043619271
40,1.3080269,63.082298,0.2365472,0.045052189
40,1.308032,50.144421,0.24254191,0.049352765
40,1.3080285,39.808914,0.24795417,0.052527323
40,1.3080207,31.629555,0.25539991,0.057185527
40,1.3080308,25.104433,0.26146501,0.06193902
40,1.3080248,19.955299,0.2705915,0.067328036
40,1.308031,15.857577,0.2783412,0.074809007
40,1.3080188,12.600809,0.28658894,0.081360348
40,1.3080157,10.003201,0.29514736,0.090953261
40,1.3080287,7.9395323,0.30616266,0.10131767
40,1.3080231,6.3105812,0.31703231,0.1144438
40,1.3080164,5.0080128,0.32983837,0.12921646
40,1.3080307,3.9778516,0.34439409,0.14705752
40,1.3080205,3.1629555,0.36149043,0.16751577
40,1.3080199,2.5136747,0.38353273,0.19021721
40,1.3080361,1.99553,0.41129369,0.21661849
40,1.3080344,1.5853286,0.44495261,0.2448805
40,1.3080324,1.2596742,0.48502579,0.27154678
40,1.308031,1.0000639,0.53305191,0.29744107
40,1.3080509,0.79363066,0.58767867,0.31549853
40,1.3080473,0.63090527,0.64691871,0.32895011
40,1.3080515,0.50154078,0.70543462,0.33358452
40,1.3080685,0.39774463,0.76267964,0.32955921
40,1.3080873,0.3161931,0.81381911,0.32030949
40,1.3080951,0.25122195,0.86064684,0.30964118
40,1.3080986,0.19933917,0.90228355,0.29902557
40,1.3081123,0.15860692,0.93822265,0.2872687
40,1.3081435,0.12593903,0.97062927,0.27674252
40,1.308192,0.10007046,0.99974185,0.26822713
30,1.2673541,100003.71,0.20629114,-0.19353603
30,1.2673562,79433.273,0.20233712,-0.15259223
30,1.2673624,63093.824,0.20394558,-0.1165692
30,1.2673582,50122.477,0.20203796,-0.08912687
30,1.2673615,39814.059,0.20389153,-0.066582337
30,1.2673628,31621.139,0.20678979,-0.049177151
30,1.2673572,25116.91,0.20904559,-0.037498303
30,1.2673541,19948.785,0.21113248,-0.024791671
30,1.2673626,15847.683,0.21221054,-0.016439745
30,1.2673603,12590.93,0.21625806,-0.007612152
30,1.2673593,10002.226,0.21788204,-0.0023460749
30,1.2673721,7943.999,0.2189132,0.002981256
30,1.2673554,6307.7339,0.22446129,0.0083368467
30,1.2673621,5011.604,0.22770356,0.013880004
30,1.2673566,3981.2744,0.23145358,0.016222386
30,1.2673506,3161.0117,0.23608196,0.018365784
30,1.2673564,2510.8032,0.2382969,0.021446748
30,1.2673619,1995.6388,0.24313901,0.02503399
30,1.2673604,1585.5074,0.24659595,0.023822712
30,1.2673606,1258.7913,0.25140229,0.026603136
30,1.2673653,1000.3202,0.25779891,0.028415387
30,1.2673658,794.23785,0.25955638,0.027400384
30,1.2673626,631.00964,0.2638779,0.02971923
30,1.2673663,501.44418,0.26905933,0.028313732
30,1.2673613,398.08914,0.27337405,0.028941004
30,1.2673693,316.31589,0.27702624,0.032311257
30,1.2673723,251.04433,0.27996489,0.033142313
30,1.2673632,199.55299,0.28458193,0.033231497
30,1.2673655,158.42841,0.28977579,0.036646571
30,1.2673674,125.84567,0.29457721,0.038125236
30,1.2673681,100.03201,0.29928097,0.039694548
30,1.2673688,79.415512,0.30661187,0.043298889
30,1.2673665,63.082298,0.3102704,0.045853954
30,1.2673743,50.144421,0.31769252,0.051567726
30,1.2673693,39.808914,0.32197773,0.055497222
30,1.2673746,31.629555,0.33007225,0.06044773
30,1.267372,25.104433,0.33732134,0.064651877
30,1.2673715,19.955299,0.34571409,0.070452623
30,1.2673732,15.857577,0.35494649,0.077116854
30,1.2673736,12.600809,0.36456475,0.085059136
30,1.2673721,10.003201,0.37383726,0.094340093
30,1.2673857,7.9395323,0.38445804,0.10443611
30,1.2673726,6.3105812,0.3959626,0.11565623
30,1.2673749,5.0080128,0.40797091,0.13052411
30,1.2673723,3.9778516,0.42152527,0.14794593
30,1.2673607,3.1629555,0.43557346,0.16767417
30,1.2673531,2.5136747,0.45346493,0.19250244
30,1.2673765,1.99553,0.47458673,0.22207053
30,1.2673906,1.5853286,0.50118363,0.25766835
30,1.2673765,1.2596742,0.53404081,0.29613081
30,1.2673963,1.0000639,0.57738072,0.33993211
30,1.2674112,0.79363066,0.63061225,0.38302794
30,1.2674029,0.63090527,0.69589907,0.42709538
30,1.2674205,0.50154078,0.77357048,0.46206841
30,1.2674475,0.39774463,0.86000603,0.48658425
30,1.2674669,0.3161931,0.95059055,0.4972246
30,1.2674736,0.25122195,1.0393118,0.49681279
30,1.2674841,0.19933917,1.122241,0.48380297
30,1.2675095,0.15860692,1.1960701,0.46448654
30,1.2675577,0.12593903,1.261626,0.44278258
30,1.2676229,0.10007046,1.3179631,0.4219763
30,1.2673233,100003.71,0.20627765,-0.19477628
30,1.2674534,79433.273,0.204872,-0.15400478
30,1.267464,63093.824,0.20416789,-0.11860251
30,1.2674721,50122.477,0.20221117,-0.090473831
30,1.2674876,39814.059,0.20356359,-0.068146408
30,1.2674959,31621.139,0.20637381,-0.049430087
30,1.2675012,25116.91,0.20908771,-0.036499757
30,1.2675149,19948.785,0.20990339,-0.024842978
30,1.2675198,15847.683,0.21153754,-0.015666706
30,1.2675267,12590.93,0.21407714,-0.0069551482
30,1.2675328,10002.226,0.21737941,-0.00029500108
30,1.2675432,7943.999,0.22001624,0.0054834485
30,1.2675351,6307.7339,0.22295961,0.0096180569
30,1.26753,5011.604,0.22637811,0.013818694
30,1.2675431,3981.2744,0.23038849,0.016972102
30,1.267542,3161.0117,0.23378845,0.019827319
30,1.2675512,2510.8032,0.2382057,0.022771617
30,1.2675552,1995.6388,0.2449241,0.022578437
30,1.2675589,1585.5074,0.2472412,0.025921406
30,1.2675618,1258.7913,0.25318688,0.025469955
30,1.2675577,1000.3202,0.25662369,0.027185552
30,1.2675759,794.23785,0.25882915,0.025754448
30,1.2675635,631.00964,0.26407936,0.029393747
30,1.2675703,501.44418,0.26804936,0.02903362
30,1.2675759,398.08914,0.27270633,0.030318974
30,1.2675728,316.31589,0.27672786,0.031463388
30,1.2675796,251.04433,0.28152555,0.032427534
30,1.2675807,199.55299,0.28588,0.033951636
30,1.267589,158.42841,0.28886932,0.035515368
30,1.2675906,125.84567,0.29540497,0.038964704
30,1.2675874,100.03201,0.29868588,0.040485512
30,1.2675894,79.415512,0.30336207,0.043454662
30,1.2675859,63.082298,0.30957457,0.047652431
30,1.2675843,50.144421,0.31646365,0.049943868
30,1.2675951,39.808914,0.32357839,0.054207161
30,1.2675978,31.629555,0.3285532,0.05955049
30,1.267593,25.104433,0.33728358,0.064143091
30,1.2675991,19.955299,0.34377614,0.071987309
30,1.2675933,15.857577,0.35294756,0.077255823
30,1.2676085,12.600809,0.36260495,0.084860496
30,1.267612,10.003201,0.37276983,0.092721507
30,1.2675972,7.9395323,0.38383925,0.104592
30,1.2676184,6.3105812,0.39436612,0.1158869
30,1.2676265,5.0080128,0.40716928,0.13126901
30,1.26761,3.9778516,0.42082524,0.14651838
30,1.2676308,3.1629555,0.43551326,0.16778345
30,1.2676347,2.5136747,0.45301193,0.19227089
30,1.2676195,1.99553,0.47496486,0.22272183
30,1.2676324,1.5853286,0.50157088,0.25636622
30,1.2676389,1.2596742,0.53613776,0.29618129
30,1.2676466,1.0000639,0.5780791,0.33810496
30,1.2676353,0.79363066,0.6317659,0.38387796
30,1.2676557,0.63090527,0.69770348,0.42562416
30,1.2676744,0.50154078,0.77437377,0.46130329
30,1.2676759,0.39774463,0.86066628,0.48871663
30,1.2676814,0.3161931,0.95041502,0.50132608
30,1.2677113,0.25122195,1.0408388,0.49996579
30,1.2677526,0.19933917,1.1242748,0.48761454
30,1.2677965,0.15860692,1.1980213,0.46799895
30,1.2678303,0.12593903,1.2636862,0.44711086
30,1.2678603,0.10007046,1.32117,0.42715368
20,1.1790438,100003.71,0.33221239,-0.19442374
20,1.1790317,79433.273,0.33093703,-0.15176228
20,1.1790292,63093.824,0.33291531,-0.11555088
20,1.1790314,50122.477,0.33125168,-0.089312725
20,1.1790299,39814.059,0.33599141,-0.064827934
20,1.1790268,31621.139,0.3373338,-0.046683494
20,1.1790262,25116.91,0.34115708,-0.034589324
20,1.1790287,19948.785,0.34418201,-0.023064461
20,1.1790261,15847.683,0.34486389,-0.013370604
20,1.1790342,12590.93,0.3480711,-0.0068857684
20,1.1790278,10002.226,0.35034865,-0.0029506076
20,1.1790322,7943.999,0.35501456,0.0036595264
20,1.1790202,6307.7339,0.35712481,0.0056767673
20,1.1790112,5011.604,0.36049253,0.010188219
20,1.1790153,3981.2744,0.36293501,0.0120863
20,1.1790147,3161.0117,0.36550128,0.013017917
20,1.1790118,2510.8032,0.36750758,0.014554594
20,1.1790111,1995.6388,0.37239158,0.015109792
20,1.1790116,1585.5074,0.37359852,0.01691127
20,1.179009,1258.7913,0.37653258,0.018432783
20,1.1790071,1000.3202,0.38030246,0.019728983
20,1.1790135,794.23785,0.38193455,0.020753624
20,1.179,631.00964,0.38464111,0.022533555
20,1.1790037,501.44418,0.38709435,0.023721633
20,1.1790097,398.08914,0.39110869,0.02628815
20,1.1790037,316.31589,0.39440966,0.029157827
20,1.179002,251.04433,0.39744562,0.030210586
20,1.1790004,199.55299,0.40343219,0.033272449
20,1.179004,158.42841,0.40845117,0.035595309
20,1.1790051,125.84567,0.41191787,0.039991882
20,1.1790091,100.03201,0.41769996,0.043712955
20,1.1790109,79.415512,0.42375153,0.049506478
20,1.179,63.082298,0.42950296,0.053197607
20,1.1790007,50.144421,0.43736836,0.058618315
20,1.1789982,39.808914,0.44286758,0.063517429
20,1.1789972,31.629555,0.45082882,0.067295589
20,1.1789823,25.104433,0.46016988,0.075288787
20,1.1790056,19.955299,0.46879348,0.081600167
20,1.1789871,15.857577,0.47936192,0.090646699
20,1.1790044,12.600809,0.49207878,0.10010549
20,1.1790166,10.003201,0.50307184,0.11106011
20,1.1789923,7.9395323,0.51814753,0.12082137
20,1.1790229,6.3105812,0.53206694,0.1341565
20,1.1790419,5.0080128,0.5459848,0.14812844
20,1.1789831,3.9778516,0.56159008,0.16601931
20,1.1790007,3.1629555,0.57868683,0.18562312
20,1.1790017,2.5136747,0.59718311,0.20956364
20,1.1789708,1.99553,0.61523646,0.23859134
20,1.179023,1.5853286,0.6356312,0.27502251
20,1.1790073,1.2596742,0.65944254,0.31981394
20,1.1790597,1.0000639,0.68724346,0.37392023
20,1.1790482,0.79363066,0.72233546,0.44234255
20,1.1791073,0.63090527,0.77018934,0.52101582
20,1.1791728,0.50154078,0.8300544,0.61447406
20,1.1792402,0.39774463,0.91709584,0.72111624
20,1.1793482,0.3161931,1.0261143,0.83424866
20,1.1794844,0.25122195,1.1696957,0.9414131
20,1.1796561,0.19933917,1.3494674,1.0386266
20,1.1798495,0.15860692,1.5518996,1.1053383
20,1.1800498,0.12593903,1.7698629,1.1297702
20,1.1802384,0.10007046,1.9806151,1.1122516
20,1.1807605,100003.71,0.33166492,-0.19469514
20,1.1797997,79433.273,0.33286589,-0.14988644
20,1.179723,63093.824,0.3317512,-0.11493041
20,1.1796557,50122.477,0.33346736,-0.087523527
20,1.1796006,39814.059,0.33594555,-0.065444194
20,1.1795546,31621.139,0.33815348,-0.047805183
20,1.1795188,25116.91,0.34070951,-0.035574611
20,1.1794875,19948.785,0.34089965,-0.022063971
20,1.1794612,15847.683,0.34504578,-0.014100632
20,1.1794406,12590.93,0.34724706,-0.0059191789
20,1.1794168,10002.226,0.3511807,0.00060490402
20,1.1793985,7943.999,0.35405815,0.00398116
20,1.1793716,6307.7339,0.35625169,0.0070734653
20,1.1793541,5011.604,0.35880676,0.010042489
20,1.1793311,3981.2744,0.36280206,0.012640492
20,1.1793264,3161.0117,0.36724946,0.01378006
20,1.1793164,2510.8032,0.36859846,0.015474198
20,1.1793026,1995.6388,0.37265906,0.015795935
20,1.1792889,1585.5074,0.37614018,0.016206874
20,1.1792852,1258.7913,0.37516811,0.018846603
20,1.1792687,1000.3202,0.38011202,0.02175083
20,1.1792659,794.23785,0.38171533,0.020559324
20,1.1792446,631.00964,0.38579234,0.023302579
20,1.1792419,501.44418,0.39048567,0.024036212
20,1.1792369,398.08914,0.39069915,0.026882041
20,1.1792258,316.31589,0.39664611,0.028868696
20,1.179219,251.04433,0.39868376,0.03066314
20,1.1792133,199.55299,0.40232846,0.033908218
20,1.1792009,158.42841,0.40637869,0.036269147
20,1.1792024,125.84567,0.41339445,0.039570767
20,1.1791884,100.03201,0.41688931,0.044942133
20,1.1791891,79.415512,0.42283911,0.04719945
20,1.1791805,63.082298,0.42889428,0.051466335
20,1.17918,50.144421,0.43722883,0.058450077
20,1.179165,39.808914,0.44219378,0.061414175
20,1.1791568,31.629555,0.45212358,0.069789067
20,1.1791514,25.104433,0.45998839,0.073563047
20,1.179153,19.955299,0.46988824,0.082420185
20,1.179137,15.857577,0.48116517,0.09179315
20,1.179153,12.600809,0.49067473,0.09919291
20,1.1791697,10.003201,0.50216985,0.10923026
20,1.1791316,7.9395323,0.5176059,0.12180438
20,1.1791586,6.3105812,0.53265661,0.13345173
20,1.1791643,5.0080128,0.54716599,0.14935735
20,1.1791085,3.9778516,0.5627318,0.16498542
20,1.1791224,3.1629555,0.57977295,0.18598232
20,1.1791208,2.5136747,0.59746647,0.20930408
20,1.1790774,1.99553,0.6154812,0.23860984
20,1.1791139,1.5853286,0.63665575,0.27435607
20,1.1790987,1.2596742,0.66115129,0.319426
20,1.1791322,1.0000639,0.68815148,0.37323031
20,1.1791114,0.79363066,0.72451419,0.44157371
20,1.1791486,0.63090527,0.77233422,0.51973283
20,1.1792003,0.50154078,0.83246809,0.61160624
20,1.1792575,0.39774463,0.91974318,0.71753126
20,1.1793395,0.3161931,1.027925,0.82908064
20,1.1794579,0.25122195,1.1707439,0.93559784
20,1.1796058,0.19933917,1.3486555,1.0333759
20,1.179781,0.15860692,1.5501641,1.1001388
20,1.1799709,0.12593903,1.7685665,1.1262691
20,1.1801454,0.10007046,1.9797171,1.1103883
10,1.128787,100003.71,0.59552723,-0.19048265
10,1.128796,79433.273,0.59374762,-0.14612643
10,1.1287978,63093.824,0.59110302,-0.10975931
10,1.1288035,50122.477,0.59324491,-0.080718443
10,1.1288038,39814.059,0.59773791,-0.056039542
10,1.1288012,31621.139,0.60167456,-0.035778482
10,1.1288087,25116.91,0.60322851,-0.022207359
10,1.128808,19948.785,0.60825861,-0.010147639
10,1.1288087,15847.683,0.61260188,0.0018946265
10,1.1288118,12590.93,0.61649489,0.01208791
10,1.1288155,10002.226,0.62317848,0.020451071
10,1.1288096,7943.999,0.62739128,0.028432762
10,1.1287982,6307.7339,0.63406807,0.033102103
10,1.1288017,5011.604,0.64017278,0.040418189
10,1.1288035,3981.2744,0.64550996,0.047912147
10,1.1288115,3161.0117,0.6535576,0.052776515
10,1.1288054,2510.8032,0.66083729,0.058946811
10,1.1288067,1995.6388,0.67116624,0.065928891
10,1.1288087,1585.5074,0.68164945,0.073517278
10,1.1288104,1258.7913,0.69192296,0.081671007
10,1.1288123,1000.3202,0.70201135,0.088884354
10,1.1288083,794.23785,0.71433479,0.096633017
10,1.1288079,631.00964,0.72771078,0.104042
10,1.1288092,501.44418,0.74359983,0.11516405
10,1.128809,398.08914,0.75987846,0.12371273
10,1.1288147,316.31589,0.77785826,0.13224787
10,1.1288134,251.04433,0.80017,0.14258406
10,1.128818,199.55299,0.82006431,0.15222819
10,1.1288171,158.42841,0.84620219,0.16194966
10,1.128813,125.84567,0.87249458,0.16886204
10,1.1288109,100.03201,0.9020288,0.1755126
10,1.1288133,79.415512,0.92947304,0.18215196
10,1.1288133,63.082298,0.96011364,0.18537627
10,1.1288213,50.144421,0.98922485,0.18814404
10,1.1288197,39.808914,1.01802,0.18815304
10,1.1288309,31.629555,1.0456371,0.19030146
10,1.128842,25.104433,1.0747892,0.18975912
10,1.1288308,19.955299,1.1012183,0.19233969
10,1.1288407,15.857577,1.1249379,0.19560882
10,1.1288239,12.600809,1.1513106,0.19927557
10,1.1288047,10.003201,1.1770066,0.20598403
10,1.1288322,7.9395323,1.2030027,0.2111748
10,1.1287988,6.3105812,1.2289599,0.22185431
10,1.1287771,5.0080128,1.2560226,0.23366535
10,1.128834,3.9778516,1.2843553,0.24725591
10,1.1288083,3.1629555,1.3130814,0.26427582
10,1.1288072,2.5136747,1.3423136,0.28630328
10,1.1288868,1.99553,1.371533,0.31073651
10,1.1288446,1.5853286,1.4045055,0.34257463
10,1.1288741,1.2596742,1.4359477,0.3813858
10,1.1288135,1.0000639,1.4714047,0.43062082
10,1.1289384,0.79363066,1.5094496,0.49131337
10,1.1288996,0.63090527,1.5555756,0.56469005
10,1.1288158,0.50154078,1.6060727,0.65357816
10,1.1288953,0.39774463,1.6739588,0.76244497
10,1.1289587,0.3161931,1.7574906,0.88625127
10,1.1289283,0.25122195,1.8700852,1.02838
10,1.1288714,0.19933917,2.0126605,1.190608
10,1.1288277,0.15860692,2.1937118,1.3512441
10,1.1288022,0.12593903,2.4287014,1.4989978
10,1.1288009,0.10007046,2.7063615,1.6185278
10,1.1264145,100003.71,0.5871852,-0.18965113
10,1.1278932,79433.273,0.58741009,-0.14446983
10,1.1280389,63093.824,0.5900954,-0.10929532
10,1.1281737,50122.477,0.5902456,-0.078631304
10,1.1282991,39814.059,0.59242547,-0.056375269
10,1.1283876,31621.139,0.59930223,-0.036001027
10,1.1284667,25116.91,0.60315371,-0.023384087
10,1.1285353,19948.785,0.60798085,-0.0097829783
10,1.1285872,15847.683,0.61141896,0.0019149981
10,1.1286285,12590.93,0.61479688,0.010028706
10,1.128672,10002.226,0.61913902,0.02108133
10,1.128708,7943.999,0.62561148,0.025089817
10,1.1287336,6307.7339,0.63136703,0.034092188
10,1.1287657,5011.604,0.63681829,0.041025925
10,1.1287912,3981.2744,0.64455026,0.047983013
10,1.1288131,3161.0117,0.65250492,0.05431075
10,1.1288328,2510.8032,0.66057581,0.060574163
10,1.1288604,1995.6388,0.66784054,0.066918075
10,1.1288768,1585.5074,0.6792419,0.072691008
10,1.1288863,1258.7913,0.68835962,0.078422785
10,1.1289136,1000.3202,0.70132178,0.087715983
10,1.128922,794.23785,0.71292669,0.096157484
10,1.1289251,631.00964,0.72639239,0.10434665
10,1.1289449,501.44418,0.74300152,0.11195898
10,1.1289575,398.08914,0.75725162,0.1234786
10,1.1289666,316.31589,0.77731502,0.13265745
10,1.1289634,251.04433,0.79807228,0.14168997
10,1.1289836,199.55299,0.81923908,0.15191142
10,1.1289905,158.42841,0.84546632,0.1600967
10,1.1289995,125.84567,0.87072968,0.17049302
10,1.1290034,100.03201,0.89990216,0.17701736
10,1.1290127,79.415512,0.92688167,0.18237588
10,1.1290114,63.082298,0.9578687,0.1858706
10,1.1290247,50.144421,0.98620349,0.18674979
10,1.1290354,39.808914,1.0165484,0.18659921
10,1.1290443,31.629555,1.0434293,0.19044884
10,1.1290565,25.104433,1.0728188,0.19021049
10,1.1290483,19.955299,1.0982692,0.19230968
10,1.1290601,15.857577,1.1241646,0.19618338
10,1.1290511,12.600809,1.1492442,0.19935587
10,1.1290439,10.003201,1.1740233,0.20476353
10,1.1290734,7.9395323,1.1988953,0.21053946
10,1.1290501,6.3105812,1.2268491,0.22067459
10,1.1290351,5.0080128,1.2537792,0.23345993
10,1.1290759,3.9778516,1.2822143,0.2468327
10,1.1290487,3.1629555,1.3092233,0.26447418
10,1.129035,2.5136747,1.338007,0.28551123
10,1.1291176,1.99553,1.3689791,0.31104439
10,1.1291364,1.5853286,1.4007548,0.34260777
10,1.1291248,1.2596742,1.4323093,0.38160545
10,1.1291265,1.0000639,1.4679043,0.43096673
10,1.1292366,0.79363066,1.506408,0.48955911
10,1.1291622,0.63090527,1.5514228,0.56416005
10,1.1291468,0.50154078,1.6031483,0.65217006
10,1.1292455,0.39774463,1.669593,0.76206869
10,1.1292838,0.3161931,1.7535192,0.88509887
10,1.1292329,0.25122195,1.8629886,1.0317246
10,1.1291696,0.19933917,2.0002241,1.1957883
10,1.1291356,0.15860692,2.1811898,1.3601851
10,1.1291268,0.12593903,2.4165809,1.5184988
10,1.1291258,0.10007046,2.6950161,1.6484226
0,0.97684896,100003.71,0.63346678,-0.18702152
0,0.97685635,79433.273,0.63385111,-0.14111648
0,0.97686106,63093.824,0.6359362,-0.10582294
0,0.97686237,50122.477,0.63780993,-0.077938087
0,0.97686094,39814.059,0.63906729,-0.049667474
0,0.97686249,31621.139,0.64436877,-0.031727284
0,0.97686625,25116.91,0.64722127,-0.016978815
0,0.97685993,19948.785,0.65264148,-0.0046061249
0,0.97687191,15847.683,0.6563248,0.0082841115
0,0.97687501,12590.93,0.66051114,0.018872676
0,0.97686875,10002.226,0.66850674,0.02972604
0,0.97687471,7943.999,0.67537206,0.037084933
0,0.97686774,6307.7339,0.68176645,0.046393551
0,0.97686601,5011.604,0.68850404,0.053682361
0,0.97687054,3981.2744,0.69907677,0.060494978
0,0.97687155,3161.0117,0.70609534,0.070942007
0,0.97687751,2510.8032,0.71577644,0.078413606
0,0.97687501,1995.6388,0.72974229,0.088804975
0,0.97687709,1585.5074,0.74301052,0.10067675
0,0.97688097,1258.7913,0.75413322,0.10980996
0,0.97688484,1000.3202,0.76759392,0.12220001
0,0.97688532,794.23785,0.78507,0.13203681
0,0.97688228,631.00964,0.80298477,0.14479764
0,0.97688615,501.44418,0.82185233,0.15864627
0,0.97688878,398.08914,0.84313238,0.17527291
0,0.97688967,316.31589,0.8662948,0.1919657
0,0.9768911,251.04433,0.89404672,0.21262057
0,0.97690153,199.55299,0.92276984,0.23175804
0,0.97689885,158.42841,0.95537937,0.25457659
0,0.97689831,125.84567,0.9905228,0.27836904
0,0.9768939,100.03201,1.0329323,0.3044152
0,0.97690368,79.415512,1.0788993,0.3296701
0,0.97691202,63.082298,1.1332102,0.35536245
0,0.97692513,50.144421,1.1895987,0.37933388
0,0.97691739,39.808914,1.2519337,0.39973417
0,0.97693455,31.629555,1.3167697,0.41933474
0,0.97695851,25.104433,1.3848994,0.43411857
0,0.97691905,19.955299,1.4529006,0.44512483
0,0.97695935,15.857577,1.518742,0.45453691
0,0.97689319,12.600809,1.5838345,0.4638513
0,0.97684199,10.003201,1.6467519,0.47445038
0,0.97695237,7.9395323,1.7051947,0.48614135
0,0.9768346,6.3105812,1.7609516,0.50230837
0,0.97677398,5.0080128,1.8114781,0.52723444
0,0.97690862,3.9778516,1.8602953,0.5624904
0,0.97679323,3.1629555,1.9059808,0.61272454
0,0.97675854,2.5136747,1.9494134,0.68230063
0,0.97698373,1.99553,1.9957712,0.77424043
0,0.976933,1.5853286,2.0472844,0.8963393
0,0.9769187,1.2596742,2.1071911,1.051332
0,0.97682017,1.0000639,2.1812127,1.2455292
0,0.97712362,0.79363066,2.2730179,1.4854585
0,0.97692865,0.63090527,2.3993566,1.7800078
0,0.97669208,0.50154078,2.5622854,2.1260965
0,0.9769128,0.39774463,2.789999,2.5483689
0,0.9770655,0.3161931,3.0814629,3.0126026
0,0.97676617,0.25122195,3.4810572,3.5412192
0,0.97627121,0.19933917,3.9778774,4.1210341
0,0.97593194,0.15860692,4.5943036,4.6940131
0,0.97579545,0.12593903,5.3556557,5.2694864
0,0.97568893,0.10007046,6.2191815,5.8168731
0,0.96645766,100003.71,0.63226777,-0.18510522
0,0.97098637,79433.273,0.63102573,-0.1419922
0,0.97145921,63093.824,0.63440043,-0.10526966
0,0.97187221,50122.477,0.63608551,-0.076236621
0,0.97229648,39814.059,0.63943881,-0.050744973
0,0.97259974,31621.139,0.64574683,-0.031142186
0,0.97293305,25116.91,0.64693111,-0.017589364
0,0.97317976,19948.785,0.65410727,-0.0021817281
0,0.97340459,15847.683,0.65619469,0.0078239413
0,0.97360951,12590.93,0.66283602,0.022351485
0,0.97380757,10002.226,0.66815513,0.028347446
0,0.97397929,7943.999,0.67496377,0.038051002
0,0.97413999,6307.7339,0.6811735,0.046119168
0,0.97430271,5011.604,0.68816882,0.05442195
0,0.97445399,3981.2744,0.69713271,0.062062427
0,0.97460192,3161.0117,0.70825285,0.070565626
0,0.9747346,2510.8032,0.71705806,0.080355577
0,0.97485822,1995.6388,0.72884351,0.087984413
0,0.97497708,1585.5074,0.74006057,0.096134827
0,0.97509164,1258.7913,0.7554093,0.10819935
0,0.97520018,1000.3202,0.77058274,0.11951624
0,0.97529954,794.23785,0.78520197,0.13204958
0,0.97538579,631.00964,0.80330271,0.14357644
0,0.97548032,501.44418,0.82137161,0.1582408
0,0.975564,398.08914,0.84426975,0.17531756
0,0.97564864,316.31589,0.86710513,0.19253333
0,0.97572535,251.04433,0.89364785,0.21241868
0,0.97579527,199.55299,0.92331332,0.23379348
0,0.97585797,158.42841,0.95601249,0.25401577
0,0.97591829,125.84567,0.99188435,0.27826959
0,0.97599238,100.03201,1.0338541,0.30442253
0,0.97604358,79.415512,1.0794979,0.33063203
0,0.97609931,63.082298,1.1318837,0.35304439
0,0.97614241,50.144421,1.1893272,0.37843114
0,0.97619361,39.808914,1.2505525,0.40133387
0,0.97623068,31.629555,1.315796,0.41892833
0,0.9762584,25.104433,1.3843006,0.43455857
0,0.97633797,19.955299,1.4505751,0.44590914
0,0.9763428,15.857577,1.5184397,0.45551226
0,0.9764536,12.600809,1.5842947,0.46488354
0,0.97655034,10.003201,1.6451201,0.47256178
0,0.97648787,7.9395323,1.7061199,0.48575431
0,0.97665805,6.3105812,1.7612786,0.5025177
0,0.97676677,5.0080128,1.8128828,0.52715516
0,0.97667956,3.9778516,1.8607018,0.56274408
0,0.97684765,3.1629555,1.9050838,0.61337376
0,0.97694063,2.5136747,1.9492182,0.68324542
0,0.97678006,1.99553,1.9961864,0.77398241
0,0.97695649,1.5853286,2.0463748,0.89623028
0,0.97699702,1.2596742,2.107693,1.0508701
0,0.97721821,1.0000639,2.1801877,1.244023
0,0.97695428,0.79363066,2.2707469,1.4859694
0,0.9771567,0.63090527,2.3988311,1.7794271
0,0.97745186,0.50154078,2.5601857,2.1257813
0,0.97721362,0.39774463,2.7870307,2.5485888
0,0.97689497,0.3161931,3.0737751,3.0189614
0,0.97696412,0.25122195,3.4756036,3.5459237
0,0.97715408,0.19933917,3.9807243,4.1242108
0,0.97713065,0.15860692,4.5964828,4.6980834
0,0.97674352,0.12593903,5.3503752,5.2784557
0,0.97613996,0.10007046,6.2014437,5.8482299
